Буква,к-сть,Частота,Ентропія,Загальна Ентропія,Надлишковість
за,3128,0.006783248325873495,0.04886521839108826,4.143456816967816,0.16364702620267146
ам,2173,0.0047122757711391,0.03642287733325163,,
мн,1042,0.002259637070191874,0.019861516614579095,,
но,5415,0.011742739668991361,0.07529547014335537,,
ой,2046,0.00443686894972416,0.034679642956343126,,
йч,234,0.0005074424898511502,0.0055536881191263505,,
чи,817,0.0017717115991811526,0.016194578806410342,,
ит,2860,0.006202074875958503,0.04548002185090727,,
та,3211,0.006963238610735228,0.049898747698207305,,
ат,3252,0.007052149474341626,0.050406798521467254,,
те,3263,0.007076003608479928,0.05054282884331445,,
ел,3508,0.00760730023246938,0.0535432199826024,,
ль,1961,0.004252541549564554,0.033499221501840384,,
ьк,803,0.001741351792096041,0.01596049323015193,,
кт,464,0.0010062107491065544,0.010018691286164394,,
то,7439,0.016131900350438915,0.09604836339559475,,
ос,4093,0.008875906457097255,0.06049720047809504,,
ск,2194,0.004757815481766767,0.03670885380442174,,
ка,3907,0.008472554734395059,0.05831648606624988,,
аз,2533,0.005492956524756254,0.04124222393136192,,
ал,4907,0.010641112383331599,0.0697440555791034,,
лт,218,0.00047274556746816556,0.005222254089280518,,
еб,955,0.002070972554734395,0.018463705797923932,,
бе,1252,0.002715034176468547,0.02314516115733076,,
еч,793,0.0017196662156066756,0.015792822472811503,,
чт,1639,0.003554265986606988,0.028918334909824334,,
он,4090,0.008869400784150445,0.060462240789665715,,
не,4803,0.010415582387842199,0.06858778364937902,,
ет,3235,0.007015283994309705,0.05019634073413438,,
тн,1007,0.0021837375524790953,0.019302023044474138,,
на,5076,0.011007598626001874,0.07160835238127837,,
ас,3232,0.007008778321362895,0.05015917215335464,,
св,989,0.0021447035147982374,0.01901280966041373,,
ве,3061,0.0066379549633947465,0.04802590581194396,,
ен,4109,0.00891060337948024,0.060683536088198736,,
ст,5165,0.011200600256757226,0.07258302739160925,,
оя,483,0.0010474133444363484,0.010368295881009893,,
ящ,204,0.00044238576038305405,0.004929242383877053,,
ще,728,0.0015787099684258007,0.01469311387678573,,
ей,1074,0.002329030914957843,0.020369831302814546,,
йв,345,0.000748152388883106,0.007769098869668144,,
ер,3672,0.007962943686894972,0.05552148494472636,,
рн,582,0.0012621005516810658,0.012153974585194533,,
чн,454,0.0009845251726171888,0.00983371731054556,,
йл,84,0.0001821588425106693,0.0022628710172688526,,
лю,405,0.0008782658478192984,0.008917081172302199,,
юб,139,0.00030142951320217897,0.00352548694168228,,
бв,19,4.120259532979425e-05,0.0006001943026173004,,
ви,2000,0.0043371152978730785,0.034042228272554355,,
ид,1143,0.0024786613927344644,0.021455845967175525,,
да,2358,0.00511345893619236,0.038921014814994985,,
ао,567,0.0012295721869470177,0.01188704631573661,,
от,4259,0.009235887026820721,0.062421054260072696,,
тр,1519,0.0032940390687346034,0.02716240443927842,,
ре,3034,0.00657940390687346,0.04768638393007265,,
еж,487,0.0010560875750320947,0.010441595739480307,,
жу,116,0.0002515526872766386,0.0030077781960943756,,
ут,1005,0.002179400437181222,0.019269938265233724,,
тл,191,0.000414194510946879,0.0046544710313004755,,
лг,181,0.0003925089344575136,0.004441233445995238,,
гу,271,0.0005876791228618021,0.006307374161371866,,
ун,739,0.0016025641025641025,0.014880452273817705,,
ну,2084,0.004519274140383748,0.03520375908877445,,
уе,152,0.000329620762638354,0.003812692133023342,,
ег,1872,0.0040595399188092015,0.0322508851965832,,
го,4264,0.009246729815065404,0.06247868359499733,,
ог,2638,0.005720655077894591,0.04261661451474312,,
гн,240,0.0005204538357447694,0.00567708034630992,,
ус,946,0.002051455535893966,0.018317726297853294,,
сн,663,0.0014377537212449255,0.013575224215090392,,
ны,1718,0.0037255820408729746,0.03005918232433067,,
ый,904,0.0019603761146386317,0.017632904489730282,,
йя,45,9.758509420214428e-05,0.001300124226801947,,
яз,286,0.0006202074875958502,0.006608286862794886,,
зы,204,0.00044238576038305405,0.004929242383877053,,
ык,221,0.0004792512404149752,0.005284669982845299,,
кз,61,0.0001322820165851289,0.0017043341260759867,,
йм,214,0.00046407133687241943,0.005138831664268138,,
мо,1830,0.003968460497553867,0.03165722228778863,,
ьи,417,0.0009042885396065369,0.009143197399938581,,
ол,3722,0.0080713715693418,0.056120007874980705,,
ко,4887,0.010597741230352868,0.06952223571450408,,
оз,1112,0.0024114361056174318,0.020969587216605946,,
йи,295,0.0006397245064362791,0.0067876443836177676,,
ия,564,0.0012230665140002081,0.011833512719075972,,
яп,522,0.0011319870927448735,0.011078674788567592,,
по,4946,0.010725686131640124,0.07017587172909275,,
ок,2041,0.004426026161479477,0.034610516803061056,,
аж,658,0.0014269109330002428,0.013488430661500593,,
ак,2931,0.006356042469032997,0.04638420841151975,,
ку,1295,0.0028082821553728184,0.023803270240477115,,
ую,584,0.001266437666978939,0.01218947294735387,,
юл,47,0.00010192220950001735,0.0013515133589712056,,
бо,1106,0.0023984247597238126,0.020875162632428834,,
ов,5027,0.010901339301203983,0.07106965508688676,,
вь,358,0.0007763436383192811,0.008020419322014336,,
ьн,1298,0.002814787828319628,0.023849016386276546,,
тм,127,0.0002754068214149405,0.0032570018540127024,,
ма,2261,0.004903108844245515,0.03761708005672249,,
ро,4521,0.009804049130842095,0.06541660183999268,,
ош,503,0.0010907844974150792,0.010733775602319152,,
ши,952,0.0020644668817875853,0.018415075572574758,,
иб,696,0.0015093161236598314,0.014145143595171774,,
ба,582,0.0012621005516810658,0.012153974585194533,,
лс,1336,0.0028971930189792164,0.02442660657592096,,
ся,2024,0.004389160681447556,0.03437520067265995,,
як,475,0.0010300648832448562,0.010221384381506307,,
гд,511,0.0011081329586065717,0.010879265189115939,,
сг,73,0.00015830470837236736,0.001998598243536336,,
ор,3798,0.008236181950660976,0.05702574727997404,,
чь,157,0.00034046355088303667,0.003922212292656251,,
ью,196,0.00042503729919156173,0.004760470000310246,,
юг,56,0.0001214392283404462,0.0015796180728749102,,
во,3775,0.008186305124735435,0.05675214841338552,,
ри,3406,0.007386107352277853,0.05230080497215896,,
ил,3490,0.007568266194788522,0.053324652309016715,,
ли,3618,0.007845841573852399,0.05487268679704195,,
ив,2492,0.005404045661149856,0.04070189075370632,,
ва,3393,0.007357916102841678,0.05214177723882576,,
ан,3723,0.008073540126990736,0.05613195680458713,,
уш,415,0.0008999514243086638,0.009105587239797493,,
шк,229,0.0004965997016064675,0.005450494078850325,,
ке,496,0.0010756045938725236,0.010606145877702623,,
ев,2056,0.004458554526213525,0.034817780672432116,,
вб,122,0.0002645640331702578,0.0031441042189817156,,
ни,4028,0.008734950209916381,0.059738191758063795,,
иц,543,0.001177526803372541,0.011457364511046184,,
це,445,0.00096500815377676,0.009666651931282343,,
вт,426,0.0009238055584469657,0.009312073798370481,,
тч,268,0.0005811734499149926,0.006246884390122585,,
ча,1224,0.0026543145622983243,0.022714150694603058,,
оч,1339,0.002903698691926026,0.024472060508329417,,
ьп,515,0.0011168071892023177,0.010951862655990807,,
пе,1138,0.0024678186044897817,0.021377596945670405,,
ла,4378,0.00949394538704417,0.06378769747991177,,
сь,1907,0.00413543943652198,0.03274334931654564,,
ьч,263,0.0005703306616703099,0.006145834038369014,,
че,2006,0.004350126643766698,0.034125555424184655,,
ез,1084,0.0023507164914472085,0.020528063662593046,,
зп,101,0.00021902432254259046,0.0026625957425052845,,
лн,640,0.0013878768953193852,0.013174983072233493,,
оо,920,0.0019950730370216162,0.017894493824596003,,
ап,1549,0.0033590957982026996,0.02760407964720813,,
аб,657,0.0014247423753513064,0.013471057715586612,,
бы,1501,0.0032550050310537456,0.02689651185679052,,
ыл,1031,0.002235782936053572,0.01968607804306135,,
ае,853,0.0018497796745428681,0.016793096847701465,,
оэ,195,0.0004228687415426252,0.004739302460782641,,
эт,1336,0.0028971930189792164,0.02442660657592096,,
об,2137,0.004634207695777385,0.035931151324565716,,
ыт,410,0.0008891086360639811,0.009011429591565636,,
ть,2565,0.005562350369522223,0.04166250300203923,,
ем,2406,0.005217549703341313,0.03956161067683409,,
гл,837,0.0018150827521598834,0.016527687883625207,,
ло,3709,0.008043180319905625,0.0559645952167137,,
пр,3570,0.007741750806703446,0.054293861590307885,,
жд,411,0.0008912771937129177,0.009030276308536485,,
де,2132,0.004623364907532702,0.03586270670503137,,
вс,1547,0.0033547586829048262,0.027574691579148745,,
се,1727,0.0037450990597134035,0.03018842111711741,,
тк,594,0.0012881232434683043,0.012366644784643431,,
кр,1243,0.0026955171576281186,0.023006837862585443,,
ое,1130,0.0024504701432982896,0.021252255427352474,,
мт,179,0.00038817181915964054,0.004398381480166809,,
ай,290,0.0006288817181915964,0.006688109078597431,,
йн,507,0.0010994587280108254,0.01080656976218418,,
ук,731,0.0015852156413726102,0.014744257408720873,,
ру,1336,0.0028971930189792164,0.02442660657592096,,
юм,84,0.0001821588425106693,0.0022628710172688526,,
еп,1645,0.003567277332500607,0.029005392525664083,,
ож,1049,0.0022748169737344297,0.01997296994193092,,
же,1628,0.003530411852468686,0.028758550622966377,,
ры,716,0.0015526872766385622,0.01448815136739011,,
зл,202,0.00043804864508518093,0.0048871428399253885,,
бл,321,0.0006961070053086291,0.007301051001807357,,
ле,2562,0.0055558446965754136,0.04162315513959487,,
нн,1838,0.0039858089587453596,0.03177053134979744,,
юе,21,4.5539710627667326e-05,0.0006567971755725479,,
зв,661,0.0014334166059470526,0.013540521000099684,,
им,1636,0.003547760313660178,0.028874780348420073,,
ар,2954,0.006405919294958537,0.04667595366284052,,
рг,761,0.0016502723708407064,0.015253599759188599,,
га,1368,0.002966586863745186,0.024910371328873873,,
ою,239,0.0005182852780958329,0.0056565478853128105,,
юн,149,0.00032311508969154435,0.003746734094994512,,
ик,1902,0.004124596648277298,0.03267312121058686,,
вн,713,0.0015461816036917526,0.014436812834349295,,
ом,3441,0.007462006869990632,0.052728186634246624,,
йб,181,0.0003925089344575136,0.004441233445995238,,
су,414,0.0008977828666597272,0.00908677086070217,,
ущ,130,0.0002819124943617501,0.003324443211541482,,
йп,461,0.0009997050761597446,0.009963270559702446,,
ра,4168,0.009038548280767496,0.0613689698967814,,
ав,2268,0.004918288747788071,0.03771160776737031,,
вд,276,0.0005985219111064848,0.0064079601143253685,,
до,1810,0.003925089344575136,0.031373469891265215,,
йо,211,0.0004575656639256098,0.00507611157291462,,
оп,1828,0.003964123382255994,0.03162887794492992,,
пи,660,0.001431248048298116,0.013523162296553088,,
ис,2422,0.005252246625724298,0.03977447388116885,,
са,906,0.0019647132299365046,0.01766565128912885,,
юв,158,0.0003426321085319732,0.003944056026689187,,
си,1046,0.00226831130078762,0.019925222181856293,,
аи,806,0.0017478574650428506,0.016010718261101342,,
иу,326,0.0007069497935533118,0.007399010499551991,,
ум,652,0.0014138995871066237,0.013384121411997359,,
кэ,45,9.758509420214428e-05,0.001300124226801947,,
му,973,0.002110006592415253,0.01875487119898501,,
ад,1542,0.0033439158946601435,0.027501185995042608,,
од,2892,0.006271468720724472,0.04588821707062051,,
ье,669,0.0014507650671385449,0.013679220835314271,,
ещ,344,0.0007459838312341696,0.0077497037713329,,
ео,659,0.0014290794906491795,0.013505798852751097,,
дн,1162,0.0025198639880642587,0.021752570702742134,,
ув,751,0.001628586794351341,0.015084237449030416,,
жн,373,0.0008088720030533292,0.008308572211618546,,
ги,366,0.0007936920995107733,0.008174340442101927,,
ие,1007,0.0021837375524790953,0.019302023044474138,,
нщ,84,0.0001821588425106693,0.0022628710172688526,,
щи,527,0.0011428298809895562,0.011169074846601902,,
ин,2459,0.00533248325873495,0.04026545712466796,,
ыв,688,0.0014919676624683392,0.01400743988019746,,
оу,341,0.0007394781582873599,0.007691463801999023,,
уг,562,0.001218729398702335,0.01179779593539988,,
тд,174,0.00037732903091495785,0.004290943960622859,,
ыз,116,0.0002515526872766386,0.0030077781960943756,,
ып,318,0.0006896013323618195,0.007242158586699468,,
ме,1774,0.0038470212692134206,0.03086096803812067,,
ня,786,0.0017044863120641198,0.015675218492612455,,
ят,870,0.0018866451545747891,0.01707406541362398,,
ьс,878,0.0019039936157662816,0.017205925052412585,,
юж,30,6.505672946809618e-05,0.0009048052316930285,,
жи,662,0.001435585163595989,0.013557874970562225,,
из,1496,0.003244162242809063,0.02682253330130083,,
зн,835,0.0018107456368620103,0.01649444485361202,,
нь,483,0.0010474133444363484,0.010368295881009893,,
ьм,346,0.0007503209465320426,0.0077884848996794855,,
ты,833,0.0018064085215641372,0.016461186836435444,,
ын,307,0.0006657471982235175,0.007025455708912193,,
ыб,239,0.0005182852780958329,0.0056565478853128105,,
зд,498,0.0010799417091703965,0.010642642861950224,,
ая,1267,0.002747562541202595,0.023375250898260463,,
дц,111,0.00024070989903195587,0.0028934333399237328,,
ца,343,0.000743815273585233,0.007730299578312269,,
ти,2148,0.004658061829915686,0.0360816007757134,,
яя,107,0.00023203566843620971,0.0028014515005702787,,
ям,353,0.0007655008500745984,0.007923935379383172,,
юо,91,0.00019733874605322508,0.0024286554727578915,,
уп,661,0.0014334166059470526,0.013540521000099684,,
пн,141,0.00030576662850005204,0.0035699114367690973,,
сп,1039,0.0022531313972450643,0.019813705923272636,,
ец,170,0.00036865480031921167,0.00420467088292395,,
ци,161,0.00034913778147878285,0.004009468918232146,,
иа,206,0.0004467228756809271,0.004971280582387815,,
уж,712,0.001544013046042816,0.014419691222402728,,
ес,3091,0.006703011692862843,0.04840227874717695,,
сд,199,0.0004315429721383713,0.00482387716929601,,
вш,524,0.0011363242080427466,0.01111485271210831,,
ше,1094,0.002372402067936574,0.020686007405052154,,
йш,139,0.00030142951320217897,0.00352548694168228,,
ее,847,0.0018367683286492488,0.016693679473699173,,
уд,1159,0.002513358315117449,0.021705784457514126,,
рс,144,0.00031227230144686166,0.0036363821499633873,,
тв,1375,0.0029817667672877414,0.02501588077237495,,
ач,748,0.0016220811214045314,0.015033347772054947,,
лм,186,0.0004033517227021963,0.004548062517160813,,
дк,257,0.0005573193157766906,0.006024180531384086,,
бр,542,0.0011753582457236043,0.011439390077020127,,
рч,127,0.0002754068214149405,0.0032570018540127024,,
ио,748,0.0016220811214045314,0.015033347772054947,,
жа,690,0.001496304777766212,0.014041892961570076,,
со,1381,0.002994778113181361,0.025106228678837113,,
ои,999,0.002166389091287603,0.019173609115989133,,
мм,160,0.0003469692238298463,0.003987684215718066,,
мв,415,0.0008999514243086638,0.009105587239797493,,
дв,564,0.0012230665140002081,0.011833512719075972,,
мз,117,0.0002537212449255751,0.0030305653044887504,,
ьв,619,0.001342337184691718,0.012807288978909844,,
рх,117,0.0002537212449255751,0.0030305653044887504,,
хп,201,0.0004358800874362444,0.004866069874066921,,
ек,1138,0.0024678186044897817,0.021377596945670405,,
бн,173,0.0003751604732660213,0.004269402923105764,,
ду,851,0.001845442559244995,0.016759972439964334,,
ми,1756,0.003807987231532563,0.03060386287329261,,
еу,347,0.0007524895041809792,0.007807861887576026,,
ул,1217,0.0026391346587557683,0.022606086735363566,,
лк,537,0.0011645154574789216,0.011349431108886194,,
рб,62,0.00013445057423406545,0.0017291199574150243,,
ки,1651,0.0035802886783942263,0.02909238167422426,,
ий,787,0.0017066548697130565,0.015692030961979152,,
вэ,155,0.0003361264355851636,0.0038784649149031848,,
уб,437,0.0009476596925852677,0.009517671627530509,,
ед,1866,0.004046528572915583,0.03216625826442588,,
ди,1125,0.002439627355053607,0.021173827076539246,,
яе,131,0.00028408105201068666,0.0033468752820484506,,
сл,1386,0.0030056209014260437,0.025181456286187728,,
ип,1173,0.0025437181222025605,0.021923913427169883,,
яв,880,0.0019083307310641547,0.01723885424765295,,
тс,708,0.00153533881544707,0.01435116077216089,,
дп,144,0.00031227230144686166,0.0036363821499633873,,
пу,430,0.0009324797890427119,0.009386938272158633,,
ьо,375,0.0008132091183512023,0.008346848316677582,,
ея,163,0.0003534748967766559,0.004052980146552651,,
яс,863,0.0018714652510322335,0.016958499506793682,,
уа,141,0.00030576662850005204,0.0035699114367690973,,
др,524,0.0011363242080427466,0.01111485271210831,,
уо,187,0.00040552028035113286,0.004569377503716002,,
лд,148,0.00032094653204260785,0.0037247062738371296,,
их,795,0.0017240033309045488,0.01582638802794655,,
рм,126,0.00027323826376600397,0.003234472387838011,,
ьг,142,0.0003079351861489886,0.003592090322155563,,
ах,687,0.0014897991048194025,0.013990206521804275,,
хм,120,0.0002602269178723847,0.0030987670910273446,,
нр,54,0.00011710211304257312,0.0015293471874363014,,
ср,119,0.00025805836022344816,0.0030760595272421895,,
мы,404,0.0008760972901703619,0.008898188389680414,,
ых,505,0.0010951216127129523,0.010770185072649863,,
хе,51,0.00011059644009576351,0.0014535034761607901,,
па,864,0.00187363380868117,0.016975019764256142,,
нт,507,0.0010994587280108254,0.01080656976218418,,
ые,547,0.001186201033968287,0.011529204736494365,,
юд,185,0.0004011831650532598,0.004526730710269934,,
кп,175,0.00037949758856389436,0.004312467017768754,,
ау,320,0.0006939384476596926,0.0072814299837764395,,
вж,39,8.457374830852504e-05,0.001144234654444025,,
ья,317,0.000687432774712883,0.007222508146163975,,
вм,212,0.00045973422157454636,0.005097033004385653,,
йк,363,0.0007871864265639638,0.008116684782167498,,
кв,502,0.0010886159397661428,0.01071556154359436,,
рт,547,0.001186201033968287,0.011529204736494365,,
ир,824,0.0017868915027237085,0.016311339324103842,,
сч,232,0.0005031053745532772,0.0055124510176354745,,
ыс,559,0.0012122237257555255,0.011744178983623815,,
ех,284,0.0006158703722979772,0.006568310272013149,,
рк,252,0.0005464765275320079,0.005922468248144014,,
кд,47,0.00010192220950001735,0.0013515133589712056,,
вя,168,0.0003643176850213386,0.004161424349516367,,
вы,1423,0.0030858575344366954,0.025736400003651346,,
ыш,289,0.0006267131605426599,0.0066681698005723496,,
шл,204,0.00044238576038305405,0.004929242383877053,,
яб,193,0.0004185316262447521,0.004696919167009042,,
ич,1153,0.0025003469692238297,0.02161213902099639,,
йж,56,0.0001214392283404462,0.0015796180728749102,,
вг,203,0.0004402172027341175,0.004908200317763337,,
хк,144,0.00031227230144686166,0.0036363821499633873,,
аг,780,0.0016914749661705007,0.015574259910789562,,
йт,393,0.0008522431560320599,0.008689852402338287,,
кч,103,0.00022336143784046356,0.002709001729034371,,
чу,274,0.0005941847958086118,0.0063677600297376855,,
нг,84,0.0001821588425106693,0.0022628710172688526,,
дь,359,0.0007785121959682176,0.008039689795131024,,
йс,609,0.0013206516082023524,0.012631417677772193,,
бя,211,0.0004575656639256098,0.00507611157291462,,
аю,420,0.0009107942125533465,0.009199556415555836,,
еи,682,0.0014789563165747198,0.013903971287423324,,
нб,83,0.00017999028486173277,0.0022390419471867355,,
нм,44,9.541653655320773e-05,0.0012743261224288029,,
би,355,0.0007698379653724714,0.007962555370452113,,
ля,795,0.0017240033309045488,0.01582638802794655,,
ян,844,0.0018302626557024392,0.0166439209802536,,
сж,68,0.00014746192012768467,0.0018768024083124027,,
рд,150,0.0003252836473404809,0.0037687409188978476,,
мч,225,0.00048792547101072137,0.005367693274658792,,
пы,166,0.00035998056972346554,0.004118103324650005,,
иш,328,0.000711286908851185,0.007438126912737292,,
йд,232,0.0005031053745532772,0.0055124510176354745,,
км,96,0.00020818153429790777,0.0025460331575491296,,
вп,487,0.0010560875750320947,0.010441595739480307,,
см,382,0.000828389021893758,0.008480553040707193,,
мк,290,0.0006288817181915964,0.006688109078597431,,
уз,207,0.0004488914333298636,0.004992276863680949,,
ыр,172,0.0003729919156170848,0.004247843801283535,,
зу,244,0.0005291280663405156,0.005759080371622916,,
бу,615,0.0013336629540959717,0.01273700157060131,,
яж,124,0.0002689011484681309,0.0031893387663619174,,
яо,276,0.0005985219111064848,0.0064079601143253685,,
бк,75,0.00016264182367024046,0.0020470122831191644,,
зи,281,0.0006093646993511675,0.006508262667051108,,
юс,245,0.0005312966239894521,0.005779548190406795,,
дя,228,0.0004944311439575309,0.005429814521131194,,
яу,150,0.0003252836473404809,0.0037687409188978476,,
чк,273,0.0005920162381596753,0.006347642880972584,,
ии,693,0.0015028104507130218,0.014093538593806885,,
иг,569,0.0012339093022448908,0.011922707775080093,,
яд,487,0.0010560875750320947,0.010441595739480307,,
ьз,221,0.0004792512404149752,0.005284669982845299,,
мя,318,0.0006896013323618195,0.007242158586699468,,
юу,23,4.9876825925540404e-05,0.0007128032267918399,,
ьэ,78,0.00016914749661705008,0.002119321812271,,
ща,263,0.0005703306616703099,0.006145834038369014,,
кн,568,0.0012317407445959544,0.011904879799430343,,
мп,528,0.0011449984386384929,0.011187137003242366,,
еэ,158,0.0003426321085319732,0.003944056026689187,,
уч,546,0.0011840324763193505,0.011511253285625817,,
мд,146,0.0003166094167447347,0.0036805870703279374,,
зм,187,0.00040552028035113286,0.004569377503716002,,
ьб,162,0.00035130633912771936,0.00403123418852584,,
ыо,135,0.0002927552826064328,0.00343636653558662,,
ту,1138,0.0024678186044897817,0.021377596945670405,,
ьу,121,0.0002623954755213213,0.003121448583116023,,
еш,422,0.0009151313278512196,0.00923709181797802,,
шн,200,0.00043371152978730786,0.00484498134313247,,
кл,478,0.0010365705561916658,0.010276525214433955,,
ым,792,0.0017174976579577392,0.01577603377988186,,
ыэ,25,5.421394122341348e-05,0.0007682644915617992,,
дд,31,6.722528711703273e-05,0.0009317852658245449,,
ях,122,0.0002645640331702578,0.0031441042189817156,,
сю,50,0.00010842788244682697,0.0014281011006767716,,
юз,38,8.24051906595885e-05,0.0011179834145750125,,
уи,381,0.0008262204642448215,0.008461477108881642,,
сх,88,0.00019083307310641546,0.0023578191717511902,,
хо,1074,0.002329030914957843,0.020369831302814546,,
рь,342,0.0007416467159362965,0.007710886264091062,,
вл,416,0.0009021199819576004,0.009124396080168974,,
пя,201,0.0004358800874362444,0.004866069874066921,,
цу,79,0.0001713160542659866,0.00214334406761058,,
зг,183,0.0003968460497553867,0.00448401627080635,,
вк,489,0.0010604246903299678,0.010478207070646112,,
рл,100,0.00021685576489365393,0.002639346436459889,,
аа,213,0.00046190277922348287,0.0051179396784087235,,
ух,421,0.000912962770202283,0.009218327832408623,,
хг,61,0.0001322820165851289,0.0017043341260759867,,
зо,389,0.0008435689254363138,0.008613856433895072,,
лу,829,0.0017977342909683911,0.016394625696484304,,
хи,296,0.0006418930640852157,0.0068075194835890435,,
хв,223,0.00048358835571284825,0.005326209688028358,,
йф,29,6.288817181915965e-05,0.0008777208926619133,,
фо,114,0.00024721557197876547,0.002962122832544362,,
аш,517,0.0011211443045001908,0.010988124892640179,,
ню,77,0.00016697893896811352,0.0020952594459945424,,
пл,459,0.0009953679608618714,0.009926289500676411,,
дч,60,0.00013011345893619236,0.0016794970044498646,,
цч,4,8.674230595746157e-06,0.00014585573690198466,,
ощ,155,0.0003361264355851636,0.0038784649149031848,,
щу,80,0.00017348461191492315,0.002167326719773956,,
гр,747,0.001619912563755595,0.015016376188681244,,
юш,35,7.589951771277888e-05,0.0010387266261194532,,
пт,90,0.00019517018840428855,0.0024050782651996055,,
рж,130,0.0002819124943617501,0.003324443211541482,,
юч,109,0.00023637278373408278,0.0028474998283743416,,
ял,527,0.0011428298809895562,0.011169074846601902,,
бм,28,6.07196141702231e-05,0.0008505286506076782,,
иж,226,0.0004900940286596579,0.005388414179751886,,
зя,125,0.0002710697061170674,0.0032119180915029166,,
аэ,169,0.00036648624267027517,0.004183056872390641,,
ьт,389,0.0008435689254363138,0.008613856433895072,,
кж,80,0.00017348461191492315,0.002167326719773956,,
тт,173,0.0003751604732660213,0.004269402923105764,,
ыч,126,0.00027323826376600397,0.003234472387838011,,
тя,283,0.0006137018146490406,0.006548305471791303,,
оа,140,0.00030359807085111553,0.0035477103627755816,,
лв,527,0.0011428298809895562,0.011169074846601902,,
йз,104,0.0002255299954894001,0.0027321590110210435,,
яр,174,0.00037732903091495785,0.004290943960622859,,
кш,21,4.5539710627667326e-05,0.0006567971755725479,,
нц,163,0.0003534748967766559,0.004052980146552651,,
цо,171,0.00037082335796814823,0.004226266490013679,,
шт,49,0.00010625932479789043,0.0014026361496733424,,
ющ,246,0.0005334651816383887,0.005800003239492499,,
мб,171,0.00037082335796814823,0.004226266490013679,,
ьр,96,0.00020818153429790777,0.0025460331575491296,,
сы,188,0.0004076888380000694,0.004590675759884684,,
дт,136,0.00029492384025536935,0.003458680976369436,,
зе,419,0.0009086256549044099,0.00918077754972609,,
нк,216,0.0004684084521702925,0.005180571845404621,,
нд,564,0.0012230665140002081,0.011833512719075972,,
вр,504,0.0010929530550640159,0.010751983441224012,,
хз,53,0.00011493355539363659,0.0015041253618836865,,
ыа,46,9.975365185108081e-05,0.001325852801732599,,
тп,369,0.000800197772457583,0.008231919169190463,,
ур,614,0.001331494396447035,0.012719417021377352,,
мр,135,0.0002927552826064328,0.00343636653558662,,
зз,76,0.000164810381319177,0.0020711564478308477,,
ву,416,0.0009021199819576004,0.009124396080168974,,
яг,212,0.00045973422157454636,0.005097033004385653,,
ря,579,0.0012555948787342562,0.0121006867021358,,
чо,58,0.0001257763436383193,0.0016296654416855072,,
зр,174,0.00037732903091495785,0.004290943960622859,,
ищ,133,0.0002884181673085597,0.0033916679567165845,,
нс,384,0.0008327261371916311,0.008518680355813256,,
лы,505,0.0010951216127129523,0.010770185072649863,,
нч,120,0.0002602269178723847,0.0030987670910273446,,
хн,321,0.0006961070053086291,0.007301051001807357,,
тз,89,0.000193001630755352,0.002381466295066397,,
дс,298,0.0006462301793830887,0.006847238010605936,,
дл,266,0.0005768363346171194,0.00620649957881605,,
яи,412,0.0008934457513618542,0.009049115413413775,,
рв,315,0.0006830956594150099,0.007183177625918716,,
зб,118,0.00025588980257451165,0.0030533256726655348,,
шь,215,0.00046623989452135593,0.005159709030600673,,
тг,85,0.00018432740015960584,0.0022866628416215807,,
хл,135,0.0002927552826064328,0.00343636653558662,,
нэ,13,2.819124943617501e-05,0.00042609362468615545,,
хр,140,0.00030359807085111553,0.0035477103627755816,,
сс,559,0.0012122237257555255,0.011744178983623815,,
нп,219,0.0004749141251171021,0.005243073651235606,,
лз,99,0.0002146872072447174,0.002616065844219385,,
юи,111,0.00024070989903195587,0.0028934333399237328,,
уэ,46,9.975365185108081e-05,0.001325852801732599,,
ьх,38,8.24051906595885e-05,0.0011179834145750125,,
шо,148,0.00032094653204260785,0.0037247062738371296,,
нж,24,5.2045383574476944e-05,0.0007405990565362363,,
нх,20,4.3371152978730786e-05,0.0006285739859009506,,
мс,509,0.0011037958433086986,0.010842929768677238,,
ыу,72,0.00015613615072343083,0.0019743272257051244,,
мж,50,0.00010842788244682697,0.0014281011006767716,,
ша,574,0.0012447520904895735,0.01201176537029201,,
щн,29,6.288817181915965e-05,0.0008777208926619133,,
ды,279,0.0006050275840532945,0.006468175327168125,,
ьл,77,0.00016697893896811352,0.0020952594459945424,,
ха,288,0.0006245446028937233,0.006648219697033051,,
ац,36,7.806807536171542e-05,0.0010652316882142777,,
хт,70,0.00015179903542555777,0.0019256542168133487,,
хс,166,0.00035998056972346554,0.004118103324650005,,
вв,289,0.0006267131605426599,0.0066681698005723496,,
мэ,48,0.00010409076714895389,0.0013771073459235186,,
яэ,73,0.00015830470837236736,0.001998598243536336,,
ыд,130,0.0002819124943617501,0.003324443211541482,,
яч,219,0.0004749141251171021,0.005243073651235606,,
чл,20,4.3371152978730786e-05,0.0006285739859009506,,
йэ,36,7.806807536171542e-05,0.0010652316882142777,,
йр,146,0.0003166094167447347,0.0036805870703279374,,
чш,32,6.939384476596926e-05,0.0009586643609179695,,
ыи,165,0.000357812012074529,0.00409641459828733,,
хб,57,0.00012360778598938273,0.0016046692022615638,,
ьш,198,0.0004293744144894348,0.004802757273949334,,
хш,24,5.2045383574476944e-05,0.0007405990565362363,,
аф,152,0.000329620762638354,0.003812692133023342,,
фа,171,0.00037082335796814823,0.004226266490013679,,
дг,47,0.00010192220950001735,0.0013515133589712056,,
зк,159,0.00034480066618090973,0.003965879959530644,,
оц,84,0.0001821588425106693,0.0022628710172688526,,
йа,83,0.00017999028486173277,0.0022390419471867355,,
фи,174,0.00037732903091495785,0.004290943960622859,,
жк,83,0.00017999028486173277,0.0022390419471867355,,
сб,113,0.00024504701432982896,0.002939254104205772,,
ох,364,0.0007893549842129003,0.008135911922605765,,
вц,22,4.7708268276603865e-05,0.0006848713294910053,,
бг,10,2.1685576489365393e-05,0.0003359725694398407,,
сэ,22,4.7708268276603865e-05,0.0006848713294910053,,
кс,278,0.0006028590264043579,0.006448114856960202,,
еф,95,0.00020601297664897124,0.002522624194693882,,
ию,114,0.00024721557197876547,0.002962122832544362,,
вч,131,0.00028408105201068666,0.0033468752820484506,,
жж,6,1.3011345893619236e-05,0.00021117245592129754,,
дш,71,0.0001539675930744943,0.0019500127541522759,,
мг,227,0.0004922625863085944,0.005409121241581374,,
яю,76,0.000164810381319177,0.0020711564478308477,,
пп,25,5.421394122341348e-05,0.0007682644915617992,,
мх,40,8.674230595746157e-05,0.0011704056658444397,,
цс,22,4.7708268276603865e-05,0.0006848713294910053,,
рш,224,0.0004857569133617848,0.005346958464776071,,
йг,196,0.00042503729919156173,0.004760470000310246,,
кб,164,0.0003556434544255925,0.004074706910794239,,
ьд,218,0.00047274556746816556,0.005222254089280518,,
дз,42,9.107942125533465e-05,0.0012225149298897612,,
вз,307,0.0006657471982235175,0.007025455708912193,,
зс,91,0.00019733874605322508,0.0024286554727578915,,
сф,27,5.855105652128656e-05,0.0008232246502394373,,
кк,141,0.00030576662850005204,0.0035699114367690973,,
пк,56,0.0001214392283404462,0.0015796180728749102,,
йх,53,0.00011493355539363659,0.0015041253618836865,,
яй,32,6.939384476596926e-05,0.0009586643609179695,,
гз,18,3.903403768085771e-05,0.0005716498817879965,,
еа,199,0.0004315429721383713,0.00482387716929601,,
лч,221,0.0004792512404149752,0.005284669982845299,,
лп,485,0.0010517504597342216,0.01040495871159039,,
фл,40,8.674230595746157e-05,0.0011704056658444397,,
хд,65,0.00014095624718087505,0.001803177852951616,,
ыг,115,0.00024938412962770203,0.0029849641169576065,,
уф,56,0.0001214392283404462,0.0015796180728749102,,
хч,43,9.32479789042712e-05,0.001248456908129426,,
иэ,119,0.00025805836022344816,0.0030760595272421895,,
лш,31,6.722528711703273e-05,0.0009317852658245449,,
юр,86,0.0001864959578085424,0.00231041785845031,,
рп,122,0.0002645640331702578,0.0031441042189817156,,
иф,86,0.0001864959578085424,0.00231041785845031,,
ьф,28,6.07196141702231e-05,0.0008505286506076782,,
сц,59,0.00012794490128725583,0.0016546077376200232,,
гк,55,0.00011927067069150967,0.001554511073244348,,
лл,354,0.000767669407723535,0.00794324979380398,,
мш,34,7.373096006384234e-05,0.0010121321642200436,,
пч,12,2.6022691787238472e-05,0.0003963222200553566,,
йу,86,0.0001864959578085424,0.00231041785845031,,
бз,3,6.505672946809618e-06,0.00011209190090745838,,
тб,117,0.0002537212449255751,0.0030305653044887504,,
зэ,9,1.9517018840428854e-05,0.0003053419597344271,,
тж,67,0.00014529336247874814,0.0018523078224881426,,
ею,118,0.00025588980257451165,0.0030533256726655348,,
ют,227,0.0004922625863085944,0.005409121241581374,,
мл,195,0.0004228687415426252,0.004739302460782641,,
цв,57,0.00012360778598938273,0.0016046692022615638,,
цм,4,8.674230595746157e-06,0.00014585573690198466,,
юп,147,0.0003187779743936713,0.0037026573135502086,,
жм,8,1.7348461191492315e-05,0.000274363012612477,,
ащ,207,0.0004488914333298636,0.004992276863680949,,
яш,42,9.107942125533465e-05,0.0012225149298897612,,
нв,191,0.000414194510946879,0.0046544710313004755,,
мь,33,7.15624024149058e-05,0.000985445672362271,,
рю,157,0.00034046355088303667,0.003922212292656251,,
шу,208,0.0004510599909788002,0.005013258031063287,,
уй,78,0.00016914749661705008,0.002119321812271,,
жч,18,3.903403768085771e-05,0.0005716498817879965,,
йе,37,8.023663301065196e-05,0.0010916498344805863,,
ху,156,0.00033829499323410016,0.0039003486313078997,,
нз,91,0.00019733874605322508,0.0024286554727578915,,
бс,43,9.32479789042712e-05,0.001248456908129426,,
уя,82,0.00017782172721279624,0.0022151751826099153,,
зж,57,0.00012360778598938273,0.0016046692022615638,,
гт,17,3.686548003192117e-05,0.000542931562141943,,
зь,76,0.000164810381319177,0.0020711564478308477,,
оф,182,0.00039467749210645017,0.004462633453409332,,
бп,6,1.3011345893619236e-05,0.00021117245592129754,,
дм,97,0.0002103500919468443,0.0025694095305715953,,
ьж,21,4.5539710627667326e-05,0.0006567971755725479,,
цк,15,3.252836473404809e-05,0.00048493098058056234,,
тэ,83,0.00017999028486173277,0.0022390419471867355,,
жс,18,3.903403768085771e-05,0.0005716498817879965,,
сш,68,0.00014746192012768467,0.0018768024083124027,,
лж,143,0.0003101037437979251,0.0036142471751953683,,
дэ,15,3.252836473404809e-05,0.00048493098058056234,,
ыж,70,0.00015179903542555777,0.0019256542168133487,,
тю,31,6.722528711703273e-05,0.0009317852658245449,,
бь,109,0.00023637278373408278,0.0028474998283743416,,
лр,125,0.0002710697061170674,0.0032119180915029166,,
уу,81,0.00017565316956385968,0.0021912702638267794,,
бэ,30,6.505672946809618e-05,0.0009048052316930285,,
ге,294,0.0006375559487873426,0.0067677586783130746,,
гв,19,4.120259532979425e-05,0.0006001943026173004,,
жв,14,3.035980708511155e-05,0.0004556241323889506,,
кя,30,6.505672946809618e-05,0.0009048052316930285,,
ьа,87,0.00018866451545747893,0.0023341364957689087,,
тш,27,5.855105652128656e-05,0.0008232246502394373,,
жз,6,1.3011345893619236e-05,0.00021117245592129754,,
юк,134,0.0002905867249574963,0.0034140289200187885,,
рз,44,9.541653655320773e-05,0.0012743261224288029,,
лб,173,0.0003751604732660213,0.004269402923105764,,
рщ,24,5.2045383574476944e-05,0.0007405990565362363,,
чр,46,9.975365185108081e-05,0.001325852801732599,,
яа,112,0.0002428784566808924,0.002916357689068928,,
бщ,70,0.00015179903542555777,0.0019256542168133487,,
лэ,37,8.023663301065196e-05,0.0010916498344805863,,
юя,23,4.9876825925540404e-05,0.0007128032267918399,,
цт,9,1.9517018840428854e-05,0.0003053419597344271,,
кг,51,0.00011059644009576351,0.0014535034761607901,,
гч,25,5.421394122341348e-05,0.0007682644915617992,,
хэ,22,4.7708268276603865e-05,0.0006848713294910053,,
вх,38,8.24051906595885e-05,0.0011179834145750125,,
дю,3,6.505672946809618e-06,0.00011209190090745838,,
тх,26,5.638249887235002e-05,0.0007958047504999609,,
щь,14,3.035980708511155e-05,0.0004556241323889506,,
зч,26,5.638249887235002e-05,0.0007958047504999609,,
ьц,61,0.0001322820165851289,0.0017043341260759867,,
гм,10,2.1685576489365393e-05,0.0003359725694398407,,
йц,68,0.00014746192012768467,0.0018768024083124027,,
уц,5,1.0842788244682697e-05,0.00017882907296460303,,
пь,37,8.023663301065196e-05,0.0010916498344805863,,
фр,125,0.0002710697061170674,0.0032119180915029166,,
нш,10,2.1685576489365393e-05,0.0003359725694398407,,
сз,57,0.00012360778598938273,0.0016046692022615638,,
яф,42,9.107942125533465e-05,0.0012225149298897612,,
эс,9,1.9517018840428854e-05,0.0003053419597344271,,
мф,20,4.3371152978730786e-05,0.0006285739859009506,,
дж,39,8.457374830852504e-05,0.001144234654444025,,
зх,5,1.0842788244682697e-05,0.00017882907296460303,,
шв,43,9.32479789042712e-05,0.001248456908129426,,
гс,37,8.023663301065196e-05,0.0010916498344805863,,
дх,24,5.2045383574476944e-05,0.0007405990565362363,,
жх,3,6.505672946809618e-06,0.00011209190090745838,,
цг,6,1.3011345893619236e-05,0.00021117245592129754,,
фе,178,0.000386003261510704,0.00437692932862209,,
лх,19,4.120259532979425e-05,0.0006001943026173004,,
яц,33,7.15624024149058e-05,0.000985445672362271,,
фв,3,6.505672946809618e-06,0.00011209190090745838,,
жо,36,7.806807536171542e-05,0.0010652316882142777,,
пм,1,2.1685576489365393e-06,4.080104952336924e-05,,
цп,16,3.469692238298463e-05,0.0005140291028419694,,
жь,11,2.3854134138301932e-05,0.0003662897988838046,,
юц,14,3.035980708511155e-05,0.0004556241323889506,,
рц,39,8.457374830852504e-05,0.001144234654444025,,
гб,10,2.1685576489365393e-05,0.0003359725694398407,,
хж,13,2.819124943617501e-05,0.00042609362468615545,,
пс,20,4.3371152978730786e-05,0.0006285739859009506,,
нл,14,3.035980708511155e-05,0.0004556241323889506,,
мщ,5,1.0842788244682697e-05,0.00017882907296460303,,
юа,31,6.722528711703273e-05,0.0009317852658245449,,
тф,47,0.00010192220950001735,0.0013515133589712056,,
тц,19,4.120259532979425e-05,0.0006001943026173004,,
кх,11,2.3854134138301932e-05,0.0003662897988838046,,
пц,2,4.337115297873079e-06,7.72649837488654e-05,,
рр,57,0.00012360778598938273,0.0016046692022615638,,
фч,1,2.1685576489365393e-06,4.080104952336924e-05,,
юф,19,4.120259532979425e-05,0.0006001943026173004,,
гп,33,7.15624024149058e-05,0.000985445672362271,,
мц,5,1.0842788244682697e-05,0.00017882907296460303,,
ыщ,9,1.9517018840428854e-05,0.0003053419597344271,,
бт,3,6.505672946809618e-06,0.00011209190090745838,,
вщ,19,4.120259532979425e-05,0.0006001943026173004,,
бб,4,8.674230595746157e-06,0.00014585573690198466,,
эл,13,2.819124943617501e-05,0.00042609362468615545,,
хх,14,3.035980708511155e-05,0.0004556241323889506,,
лщ,3,6.505672946809618e-06,0.00011209190090745838,,
дб,64,0.00013878768953193852,0.0017785410323040004,,
фы,20,4.3371152978730786e-05,0.0006285739859009506,,
ьщ,7,1.5179903542555775e-05,0.0002429919697370311,,
шп,34,7.373096006384234e-05,0.0010121321642200436,,
цы,73,0.00015830470837236736,0.001998598243536336,,
гэ,3,6.505672946809618e-06,0.00011209190090745838,,
рф,3,6.505672946809618e-06,0.00011209190090745838,,
хф,10,2.1685576489365393e-05,0.0003359725694398407,,
зт,32,6.939384476596926e-05,0.0009586643609179695,,
бд,7,1.5179903542555775e-05,0.0002429919697370311,,
ыц,10,2.1685576489365393e-05,0.0003359725694398407,,
мю,3,6.505672946809618e-06,0.00011209190090745838,,
що,5,1.0842788244682697e-05,0.00017882907296460303,,
шр,9,1.9517018840428854e-05,0.0003053419597344271,,
жт,9,1.9517018840428854e-05,0.0003053419597344271,,
цр,25,5.421394122341348e-05,0.0007682644915617992,,
эх,12,2.6022691787238472e-05,0.0003963222200553566,,
чэ,1,2.1685576489365393e-06,4.080104952336924e-05,,
вф,10,2.1685576489365393e-05,0.0003359725694398407,,
эн,9,1.9517018840428854e-05,0.0003053419597344271,,
бю,9,1.9517018840428854e-05,0.0003053419597344271,,
чп,42,9.107942125533465e-05,0.0012225149298897612,,
вю,4,8.674230595746157e-06,0.00014585573690198466,,
эр,2,4.337115297873079e-06,7.72649837488654e-05,,
цн,14,3.035980708511155e-05,0.0004556241323889506,,
нф,41,8.891086360639812e-05,0.0011964984549113558,,
ыя,23,4.9876825925540404e-05,0.0007128032267918399,,
жб,24,5.2045383574476944e-05,0.0007405990565362363,,
бх,17,3.686548003192117e-05,0.000542931562141943,,
жл,17,3.686548003192117e-05,0.000542931562141943,,
цб,6,1.3011345893619236e-05,0.00021117245592129754,,
йщ,10,2.1685576489365393e-05,0.0003359725694398407,,
чб,15,3.252836473404809e-05,0.00048493098058056234,,
тщ,6,1.3011345893619236e-05,0.00021117245592129754,,
чз,29,6.288817181915965e-05,0.0008777208926619133,,
фт,13,2.819124943617501e-05,0.00042609362468615545,,
чв,23,4.9876825925540404e-05,0.0007128032267918399,,
бж,8,1.7348461191492315e-05,0.000274363012612477,,
хя,7,1.5179903542555775e-05,0.0002429919697370311,,
чг,5,1.0842788244682697e-05,0.00017882907296460303,,
юх,50,0.00010842788244682697,0.0014281011006767716,,
чс,20,4.3371152978730786e-05,0.0006285739859009506,,
фп,1,2.1685576489365393e-06,4.080104952336924e-05,,
жп,4,8.674230595746157e-06,0.00014585573690198466,,
фс,13,2.819124943617501e-05,0.00042609362468615545,,
лц,4,8.674230595746157e-06,0.00014585573690198466,,
чд,6,1.3011345893619236e-05,0.00021117245592129754,,
лф,32,6.939384476596926e-05,0.0009586643609179695,,
пв,11,2.3854134138301932e-05,0.0003662897988838046,,
эз,2,4.337115297873079e-06,7.72649837488654e-05,,
юэ,9,1.9517018840428854e-05,0.0003053419597344271,,
эй,8,1.7348461191492315e-05,0.000274363012612477,,
эк,12,2.6022691787238472e-05,0.0003963222200553566,,
юю,24,5.2045383574476944e-05,0.0007405990565362363,,
зй,1,2.1685576489365393e-06,4.080104952336924e-05,,
хь,3,6.505672946809618e-06,0.00011209190090745838,,
жг,11,2.3854134138301932e-05,0.0003662897988838046,,
зц,8,1.7348461191492315e-05,0.000274363012612477,,
шд,4,8.674230595746157e-06,0.00014585573690198466,,
чя,3,6.505672946809618e-06,0.00011209190090745838,,
цц,4,8.674230595746157e-06,0.00014585573690198466,,
щв,3,6.505672946809618e-06,0.00011209190090745838,,
фу,22,4.7708268276603865e-05,0.0006848713294910053,,
пш,8,1.7348461191492315e-05,0.000274363012612477,,
дщ,4,8.674230595746157e-06,0.00014585573690198466,,
фь,10,2.1685576489365393e-05,0.0003359725694398407,,
шс,3,6.505672946809618e-06,0.00011209190090745838,,
эп,3,6.505672946809618e-06,0.00011209190090745838,,
шм,3,6.505672946809618e-06,0.00011209190090745838,,
цх,1,2.1685576489365393e-06,4.080104952336924e-05,,
рэ,18,3.903403768085771e-05,0.0005716498817879965,,
эг,2,4.337115297873079e-06,7.72649837488654e-05,,
щд,1,2.1685576489365393e-06,4.080104952336924e-05,,
эф,1,2.1685576489365393e-06,4.080104952336924e-05,,
гг,6,1.3011345893619236e-05,0.00021117245592129754,,
гя,1,2.1685576489365393e-06,4.080104952336924e-05,,
бц,1,2.1685576489365393e-06,4.080104952336924e-05,,
кф,4,8.674230595746157e-06,0.00014585573690198466,,
дф,2,4.337115297873079e-06,7.72649837488654e-05,,
ыф,6,1.3011345893619236e-05,0.00021117245592129754,,
хц,2,4.337115297873079e-06,7.72649837488654e-05,,
зш,6,1.3011345893619236e-05,0.00021117245592129754,,
жя,4,8.674230595746157e-06,0.00014585573690198466,,
жр,4,8.674230595746157e-06,0.00014585573690198466,,
шч,2,4.337115297873079e-06,7.72649837488654e-05,,
йю,3,6.505672946809618e-06,0.00011209190090745838,,
цд,8,1.7348461191492315e-05,0.000274363012612477,,
кц,10,2.1685576489365393e-05,0.0003359725694398407,,
пю,15,3.252836473404809e-05,0.00048493098058056234,,
бш,3,6.505672946809618e-06,0.00011209190090745838,,
цз,5,1.0842788244682697e-05,0.00017882907296460303,,
фд,1,2.1685576489365393e-06,4.080104952336924e-05,,
фж,1,2.1685576489365393e-06,4.080104952336924e-05,,
фн,5,1.0842788244682697e-05,0.00017882907296460303,,
щб,3,6.505672946809618e-06,0.00011209190090745838,,
пг,1,2.1685576489365393e-06,4.080104952336924e-05,,
цл,2,4.337115297873079e-06,7.72649837488654e-05,,
кю,3,6.505672946809618e-06,0.00011209190090745838,,
зщ,1,2.1685576489365393e-06,4.080104952336924e-05,,
щл,1,2.1685576489365393e-06,4.080104952336924e-05,,
щя,1,2.1685576489365393e-06,4.080104952336924e-05,,
щк,2,4.337115297873079e-06,7.72649837488654e-05,,
чх,2,4.337115297873079e-06,7.72649837488654e-05,,
шх,2,4.337115297873079e-06,7.72649837488654e-05,,
щр,3,6.505672946809618e-06,0.00011209190090745838,,
зф,2,4.337115297873079e-06,7.72649837488654e-05,,
эм,2,4.337115297873079e-06,7.72649837488654e-05,,
ця,2,4.337115297873079e-06,7.72649837488654e-05,,
фф,2,4.337115297873079e-06,7.72649837488654e-05,,
гх,2,4.337115297873079e-06,7.72649837488654e-05,,
хщ,1,2.1685576489365393e-06,4.080104952336924e-05,,
фк,1,2.1685576489365393e-06,4.080104952336924e-05,,
гж,2,4.337115297873079e-06,7.72649837488654e-05,,
щс,2,4.337115297873079e-06,7.72649837488654e-05,,
пз,1,2.1685576489365393e-06,4.080104952336924e-05,,
кщ,2,4.337115297873079e-06,7.72649837488654e-05,,
щп,2,4.337115297873079e-06,7.72649837488654e-05,,
гш,1,2.1685576489365393e-06,4.080104952336924e-05,,
жэ,4,8.674230595746157e-06,0.00014585573690198466,,
фя,1,2.1685576489365393e-06,4.080104952336924e-05,,
фб,1,2.1685576489365393e-06,4.080104952336924e-05,,
пд,1,2.1685576489365393e-06,4.080104952336924e-05,,
чм,3,6.505672946809618e-06,0.00011209190090745838,,
цш,1,2.1685576489365393e-06,4.080104952336924e-05,,
цэ,1,2.1685576489365393e-06,4.080104952336924e-05,,
чч,1,2.1685576489365393e-06,4.080104952336924e-05,,
гф,1,2.1685576489365393e-06,4.080104952336924e-05,,
эд,1,2.1685576489365393e-06,4.080104952336924e-05,,
эб,1,2.1685576489365393e-06,4.080104952336924e-05,,
бч,1,2.1685576489365393e-06,4.080104952336924e-05,,
гц,1,2.1685576489365393e-06,4.080104952336924e-05,,
эа,1,2.1685576489365393e-06,4.080104952336924e-05,,
